{"cameraMode":{"drawMode":0,"name":"Shaded","section":"Shading Mode"},"sceneLighting":false,"audioPlay":false,"sceneViewState":{"m_AlwaysRefresh":false,"showFog":true,"showSkybox":false,"showFlares":true,"showImageEffects":true,"showParticleSystems":true,"showVisualEffectGraphs":true,"m_FxEnabled":true},"in2DMode":false,"pivot":{"x":-2.3640575408935549,"y":-0.7855414152145386,"z":1.7033588886260987},"rotation":{"x":0.013967267237603665,"y":-0.6306334137916565,"z":0.011352608911693097,"w":0.7758734226226807},"size":5.264303207397461,"orthographic":true}