{"cameraMode":{"drawMode":0,"name":"Shaded","section":"Shading Mode"},"sceneLighting":false,"audioPlay":false,"sceneViewState":{"m_AlwaysRefresh":false,"showFog":true,"showSkybox":false,"showFlares":true,"showImageEffects":true,"showParticleSystems":true,"showVisualEffectGraphs":true,"m_FxEnabled":true},"in2DMode":false,"pivot":{"x":0.22991737723350526,"y":0.07973437011241913,"z":-0.11130821704864502},"rotation":{"x":0.013967267237603665,"y":-0.6306334137916565,"z":0.011352608911693097,"w":0.7758734226226807},"size":1.0567375421524048,"orthographic":true}